Workbook

Sheet README
A1: Free LLM API Directory & Ranking
A2: Source: github.com/tashfeenahmed/freellmapi — 18 providers / 161 free models / ~1.7B tokens per month aggregated
A4: What's in this workbook
A5: Sheet | B5: Purpose
A6: Provider_Rankings | B6: All 18 providers ranked across 10 domains. Composite + per-domain scores are LIVE formulas — flip a raw score in column C-K and the rankings update.
A7: Provider_Details | B7: Raw rate limits, model counts, and access info per provider. All numbers hardcoded as inputs (blue).
A8: Open_Source_Models | B8: Open-source / open-weight LLM weights (Llama, Qwen, DeepSeek, etc.) with context, license, and where to run them free.
A9: Anonymous_Access | B9: Detail sheet for the 7 providers that work without any signup or API key.
A10: Best_Picks | B10: "Use this when..." quick reference — fastest way to pick a provider for a given job.
A13: How to read this workbook
A14: • Blue numbers = hardcoded input (the assumptions).
A15: • Black numbers = derived from formulas (composite scores, ranks).
A16: • Green numbers = cross-sheet references (e.g. domain scores that pull from Provider_Details).
A17: • Conditional formatting on Provider_Rankings highlights the top scorer per domain.
A18: • Edit a raw score in column C–K of Provider_Rankings, hit recalc, every rank and composite re-evaluates.
A21: Sources
A22: • tashfeenahmed/freellmapi — primary directory of providers
A23: • cheahjs/free-llm-api-resources — per-model rate limits (community-maintained)
A24: • mnfst/awesome-free-llm-apis — open dataset of free providers
A25: • Provider documentation pages (linked in Provider_Details)
A26: • freellm.net, wotai.co/blog/best-free-llm-apis — 2025/2026 cross-checks

Sheet Provider_Rankings
A1: Provider Rankings — flip raw scores in C:L to re-rank every column
A2: Raw scores 0-10 per domain (blue = input). Composite & all ranks = formula (black). Higher score = better. Last updated July 2026.
A4: Rank (Composite) | B4: Provider | C4: Speed (TPS) | D4: Daily Volume (RPD / tokens) | E4: Long Context (max tokens) | F4: Model Selection (count) | G4: Multimodal (vision/audio) | H4: Production Reliability | I4: OpenAI Compat | J4: Cost Efficiency (free) | K4: Anonymous Access | L4: No Credit Card | M4: Composite Score (0-100) | N4: Best For
A5: =RANK(M5,$M$5:$M$22) -> 3 | B5: Google AI Studio | C5: 7 | D5: 8 | E5: 10 | F5: 6 | G5: 10 | H5: 10 | I5: 8 | J5: 8 | K5: 0 | L5: 10 | M5: =SUM(C5:L5) -> 77 | N5: Long context, multimodal
A6: =RANK(M6,$M$5:$M$22) -> 2 | B6: Groq | C6: 10 | D6: 9 | E6: 7 | F6: 7 | G6: 8 | H6: 9 | I6: 10 | J6: 9 | K6: 0 | L6: 10 | M6: =SUM(C6:L6) -> 79 | N6: Speed, real-time
A7: =RANK(M7,$M$5:$M$22) -> 1 | B7: Cerebras | C7: 10 | D7: 10 | E7: 10 | F7: 6 | G7: 6 | H7: 8 | I7: 10 | J7: 10 | K7: 0 | L7: 10 | M7: =SUM(C7:L7) -> 80 | N7: Throughput, long context
A8: =RANK(M8,$M$5:$M$22) -> 4 | B8: Mistral | C8: 7 | D8: 9 | E8: 8 | F8: 5 | G8: 7 | H8: 9 | I8: 10 | J8: 10 | K8: 0 | L8: 10 | M8: =SUM(C8:L8) -> 75 | N8: High token volume, EU
A9: =RANK(M9,$M$5:$M$22) -> 5 | B9: OpenRouter | C9: 6 | D9: 4 | E9: 10 | F9: 9 | G9: 8 | H9: 9 | I9: 10 | J9: 7 | K9: 0 | L9: 10 | M9: =SUM(C9:L9) -> 73 | N9: One key, many models
A10: =RANK(M10,$M$5:$M$22) -> 7 | B10: Cloudflare Workers AI | C10: 7 | D10: 8 | E10: 6 | F10: 10 | G10: 7 | H10: 8 | I10: 5 | J10: 9 | K10: 0 | L10: 10 | M10: =SUM(C10:L10) -> 70 | N10: Edge, model variety
A11: =RANK(M11,$M$5:$M$22) -> 6 | B11: GitHub Models | C11: 5 | D11: 3 | E11: 7 | F11: 9 | G11: 10 | H11: 9 | I11: 10 | J11: 8 | K11: 0 | L11: 10 | M11: =SUM(C11:L11) -> 71 | N11: Frontier models, dev
A12: =RANK(M12,$M$5:$M$22) -> 18 | B12: Cohere | C12: 4 | D12: 2 | E12: 7 | F12: 3 | G12: 5 | H12: 7 | I12: 5 | J12: 5 | K12: 0 | L12: 10 | M12: =SUM(C12:L12) -> 48 | N12: RAG (non-commercial)
A13: =RANK(M13,$M$5:$M$22) -> 16 | B13: HuggingFace | C13: 5 | D13: 2 | E13: 7 | F13: 10 | G13: 7 | H13: 6 | I13: 5 | J13: 4 | K13: 0 | L13: 10 | M13: =SUM(C13:L13) -> 56 | N13: OSS experimentation
A14: =RANK(M14,$M$5:$M$22) -> 11 | B14: NVIDIA NIM | C14: 7 | D14: 5 | E14: 7 | F14: 10 | G14: 8 | H14: 4 | I14: 5 | J14: 6 | K14: 0 | L14: 10 | M14: =SUM(C14:L14) -> 62 | N14: Eval, model variety
A15: =RANK(M15,$M$5:$M$22) -> 14 | B15: Z.ai (Zhipu) | C15: 6 | D15: 3 | E15: 7 | F15: 3 | G15: 6 | H15: 5 | I15: 10 | J15: 7 | K15: 0 | L15: 10 | M15: =SUM(C15:L15) -> 57 | N15: Research, GLM family
A16: =RANK(M16,$M$5:$M$22) -> 10 | B16: Ollama Cloud | C16: 6 | D16: 4 | E16: 7 | F16: 4 | G16: 5 | H16: 6 | I16: 10 | J16: 5 | K16: 6 | L16: 10 | M16: =SUM(C16:L16) -> 63 | N16: Cloud-free self-hosting
... A22: =RANK(M22,$M$5:$M$22) -> 17 | B22: AI Horde | C22: 2 | D22: 1 | E22: 1 | F22: 5 | G22: 2 | H22: 1 | I22: 10 | J22: 9 | K22: 10 | L22: 10 | M22: =SUM(C22:L22) -> 51 | N22: Crowd, low priority
A25: Scoring legend
A26: 0-2 | B26: Severe limitation (no signup, very low cap, broken)
A27: 3-4 | B27: Usable for testing only
A28: 5-6 | B28: Solid for prototyping
A29: 7-8 | B29: Production-grade for small/medium apps
A30: 9-10 | B30: Best-in-class for that domain

Sheet Provider_Details
A1: Provider Details — raw rate limits, model counts, and access
A3: Provider | B3: RPM | C3: RPD | D3: TPM | E3: Daily Token Cap | F3: Max Context | G3: Free Models | H3: Best Model | I3: Card Req. | J3: Anonym. | K3: Status | L3: Notes
A4: Google AI Studio | B4: 15 | C4: 1500 | D4: 250000 | E4: 1500000 | F4: 1000000 | G4: 8 | H4: Gemini 2.5 Flash | I4: No | J4: No | K4: Production | L4: Generous free tier reduced in late-2025. Data used for training outside EU/UK/EEA.
A5: Groq | B5: 30 | C5: 14400 | D5: 30000 | F5: 131072 | G5: 10 | H5: Llama 3.3 70B | I5: No | J5: No | K5: Production | L5: Ultra-fast LPU. ~320 TPS on Llama 3.3 70B. Llama 4 Scout 1000 RPD.
A6: Cerebras | B6: 30 | C6: 14400 | D6: 500000 | E6: 1000000 | F6: 1000000 | G6: 6 | H6: Qwen3 235B (22B active) | I6: No | J6: No | K6: Production | L6: 1M tokens/day cap. 30 RPM. Wafer-scale chips.
A7: Mistral | B7: 20 | C7: 1000 | E7: 1000000000 | F7: 256000 | G7: 4 | H7: Mistral Large 3 | I7: No | J7: No | K7: Production | L7: ~1B tokens/month on Experiment tier. Codestral, Devstral also free.
A8: OpenRouter | B8: 20 | C8: 50 | F8: 1000000 | G8: 25 | H8: Qwen3 Coder 480B | I8: No | J8: No | K8: Production | L8: 1K RPD with one-time $10 top-up. 25+ free models.
A9: Cloudflare Workers AI | B9: 300 | C9: 10000 | E9: 10000 | F9: 131000 | G9: 49 | H9: Llama 3.3 70B | I9: No | J9: No | K9: Production | L9: 10K neurons/day (1 neuron ≈ 1 output token). 50+ models on free tier.
A10: GitHub Models | B10: 15 | C10: 150 | F10: 200000 | G10: 45 | H10: GPT-4o | I10: No | J10: No | K10: Production | L10: Free for all GitHub users. Frontier model access (GPT-4o, Claude, Llama, Phi).
A11: Cohere | B11: 20 | C11: 100 | E11: 1000 | F11: 128000 | G11: 2 | H11: Command R+ | I11: No | J11: No | K11: Trial | L11: Trial tier only, non-commercial use.
A12: HuggingFace | B12: 10 | C12: 100 | E12: 100000 | F12: 200000 | G12: 200 | H12: DeepSeek V3 / Llama | I12: No | J12: No | K12: Stable | L12: $0.10/mo credits (free); $2/mo (PRO). Serverless routes to 200+ models.
A13: NVIDIA NIM | B13: 40 | C13: 1000 | F13: 128000 | G13: 100 | H13: Nemotron / Llama 3.3 | I13: No | J13: No | K13: Eval only | L13: Evaluation-only ToS — not for production backends.
A14: Z.ai (Zhipu) | B14: 5 | C14: 100 | F14: 200000 | G14: 3 | H14: GLM-4.5 / 4.7 Flash | I14: No | J14: No | K14: Research | L14: GLM-4.5/4.7 Flash free, non-commercial carve-out. 1 concurrent request.
A15: Ollama Cloud | B15: 5 | C15: 200 | F15: 262000 | G15: 6 | H15: gpt-oss 120B | I15: No | J15: Yes | K15: Stable | L15: Session limits reset every 5h, weekly every 7d. 1 concurrent.
A16: Pollinations | B16: 4 | F16: 128000 | G16: 8 | H16: GPT-OSS 20B | I16: No | J16: Yes | K16: Best-effort | L16: 1 request / 15s anonymous, 1/5s seed, 1/3s flower. No signup required.
A17: LLM7 | B17: 30 | C17: 100 | E17: 1000000 | F17: 128000 | G17: 8 | H17: GPT-OSS / Llama 3.1 | I17: No | J17: Yes | K17: Stable | L17: Anonymous 10/min, free token 40/min + 1M tokens/24h.
A18: OVH AI Endpoints | B18: 2 | F18: 128000 | G18: 40 | H18: Qwen3.5 397B | I18: No | J18: Yes | K18: Beta | L18: 2 req/min anonymous per IP per model. 400 req/min authenticated.
A19: Kilo Gateway | B19: 4 | C19: 200 | F19: 128000 | G19: 5 | H19: Various :free routes | I19: No | J19: Yes | K19: Best-effort | L19: 200 req/hr per IP anonymous. :free routes quality varies.
A20: OpenCode Zen | B20: 5 | C20: 200 | F20: 128000 | G20: 6 | H20: DeepSeek V4 Flash | I20: No | J20: Yes | K20: Promo | L20: Promo anonymous access to DeepSeek V4 Flash + Nemotron.
A21: AI Horde | B21: 1 | F21: 4096 | G21: 20 | H21: Community Llama / Gemma | I21: No | J21: Yes | K21: Community | L21: Crowd-sourced volunteer GPUs. Anonymous key `0000000000`, lowest priority.

Sheet Open_Source_Models
A1: Open-Source LLM Weights — the actual model checkpoints you can self-host
A2: "Open Weight" = trained weights downloadable (training data/code often proprietary). "Open Source" = weights + code + data + training pipeline, all under a permissive license. Most "open" LLMs today are actually open weight.
A4: Model | B4: Family | C4: Params (Total) | D4: Params (Active) | E4: Context | F4: License | G4: Type | H4: Best For | I4: Free Hosting
A5: Llama 4 Scout | B5: Llama 4 | C5: 109000000000 | D5: 17000000000 | E5: 10000000 | F5: Llama 4 Community | G5: Open Weight | H5: Ultra-long context, agentic | I5: Ollama, Groq, Cerebras, Cloudflare
A6: Llama 4 Maverick | B6: Llama 4 | C6: 400000000000 | D6: 17000000000 | E6: 1000000 | F6: Llama 4 Community | G6: Open Weight | H6: Frontier agentic | I6: Ollama, Groq
A7: Llama 3.3 70B | B7: Llama 3 | C7: 70000000000 | D7: 70000000000 | E7: 128000 | F7: Llama 3.3 | G7: Open Weight | H7: High quality chat | I7: Groq, Cerebras, OpenRouter
A8: Llama 3.1 405B | B8: Llama 3 | C8: 405000000000 | D8: 405000000000 | E8: 128000 | F8: Llama 3.1 | G8: Open Weight | H8: Frontier dense LLM | I8: OpenRouter (via providers)
A9: Qwen3 235B-A22B | B9: Qwen 3 | C9: 235000000000 | D9: 22000000000 | E9: 128000 | F9: Apache 2.0 | G9: Open Weight | H9: Multilingual, reasoning | I9: Cerebras, OpenRouter, Groq
A10: Qwen3 VL 235B A22B | B10: Qwen 3 | C10: 235000000000 | D10: 22000000000 | E10: 256000 | F10: Apache 2.0 | G10: Open Weight | H10: Vision + agentic GUI | I10: Fireworks, OpenRouter
A11: Qwen3 Coder 480B | B11: Qwen 3 | C11: 480000000000 | D11: 35000000000 | E11: 256000 | F11: Apache 2.0 | G11: Open Weight | H11: Code generation | I11: OpenRouter, Cerebras, Ollama
A12: Qwen3 32B | B12: Qwen 3 | C12: 32000000000 | D12: 32000000000 | E12: 128000 | F12: Apache 2.0 | G12: Open Weight | H12: Agent + tool calling | I12: Groq, OpenRouter, self-host
A13: DeepSeek V3 | B13: DeepSeek | C13: 671000000000 | D13: 37000000000 | E13: 128000 | F13: DeepSeek License | G13: Open Weight | H13: Reasoning, MoE | I13: HF, OpenRouter, self-host
A14: DeepSeek R1 | B14: DeepSeek | C14: 671000000000 | D14: 37000000000 | E14: 128000 | F14: MIT | G14: Open Source | H14: Step-by-step reasoning | I14: HF, OpenRouter, self-host
A15: DeepSeek V3.1 | B15: DeepSeek | C15: 671000000000 | D15: 37000000000 | E15: 128000 | F15: DeepSeek License | G15: Open Weight | H15: Hybrid reasoning + chat | I15: HF, OpenRouter, self-host
A16: DeepSeek V4 Pro | B16: DeepSeek | C16: 1600000000000 | D16: 49000000000 | E16: 1000000 | F16: DeepSeek License | G16: Open Weight | H16: Frontier MoE, 1M context | I16: Ollama Cloud, OpenRouter
... A22: GLM-4.5 | B22: GLM/Zhipu | C22: 355000000000 | D22: 32000000000 | E22: 128000 | F22: Zhipu custom | G22: Open Weight | H22: Agentic, reasoning, coding | I22: Z.ai, HF, ModelScope, vLLM
A23: GLM-4.6V | B23: GLM/Zhipu | E23: 128000 | F23: Zhipu custom | G23: Open Weight | H23: Vision + GUI agents | I23: Z.ai, HF
A24: GLM-4.7 Flash | B24: GLM/Zhipu | E24: 200000 | F24: Zhipu custom | G24: Open Weight | H24: Reasoning on/off switch | I24: Z.ai free tier, Cloudflare
A25: Kimi K2 1T | B25: Moonshot | C25: 1000000000000 | D25: 32000000000 | E25: 262000 | F25: Modified MIT | G25: Open Weight | H25: Long-doc reasoning, agentic | I25: Ollama Cloud, Cloudflare, HF
A26: Command R+ 104B | B26: Cohere | C26: 104000000000 | D26: 16000000000 | E26: 128000 | F26: CC-BY-NC 4.0 | G26: Open Weight | H26: RAG, tool use, multilingual | I26: Cohere, self-host
A27: Phi-4 14B | B27: Microsoft | C27: 14000000000 | D27: 14000000000 | E27: 16000 | F27: MIT | G27: Open Source | H27: Small / efficient | I27: Ollama, HF, self-host
A28: OLMo 2 32B | B28: OLMo / AI2 | C28: 32000000000 | D28: 32000000000 | E28: 4000 | F28: Apache 2.0 | G28: Open Source | H28: Fully open research model | I28: HF, self-host
A29: StarCoder 2 7B | B29: BigCode | C29: 7000000000 | D29: 7000000000 | E29: 16000 | F29: Apache 2.0 | G29: Open Source | H29: Code (truly open) | I29: HF, self-host
A30: GPT-OSS 120B | B30: OpenAI | C30: 117000000000 | D30: 5100000000 | E30: 128000 | F30: Apache 2.0 | G30: Open Weight | H30: Reasoning, agentic | I30: Groq, Cerebras, OpenRouter, Pollinations, LLM7
A31: GPT-OSS 20B | B31: OpenAI | C31: 21000000000 | D31: 3600000000 | E31: 128000 | F31: Apache 2.0 | G31: Open Weight | H31: Lightweight reasoning | I31: Pollinations, Groq, OVH, LLM7
A32: Nemotron Super 49B | B32: NVIDIA | C32: 49000000000 | D32: 49000000000 | E32: 128000 | F32: NVIDIA Open | G32: Open Weight | H32: Reasoning + tools | I32: NVIDIA NIM, OpenCode Zen
A34: Summary
A35: Models listed: | B35: =COUNTA(A5:A32) -> 28
A36: Truly open source (not just open weight): | B36: =COUNTIF(G5:G32,"Open Source") -> 4
A37: Largest context window: | B37: =MAX(E5:E32) -> 10000000

Sheet Anonymous_Access
A1: Anonymous / No-Signup Providers — the only ones that work with zero account
A2: If you want to try a model without creating an account, these are the providers. Quality + uptime bounce around, but they all really do work keyless.
A4: Provider | B4: Anon RPM | C4: Anon RPD | D4: Anon Daily Tokens | E4: Signup Required | F4: Best For | G4: Available Models
A5: Pollinations | B5: 4 | E5: No | F5: =Provider_Details!L16 -> 1 request / 15s anonymous, 1/5s seed, 1/3s flower. No signup required. | G5: GPT-OSS 20B, Llama, Mistral, Qwen, image/audio/video
A6: LLM7 | B6: 10 | C6: 60 | D6: 500000 | E6: No (token free at dash.llm7.io) | F6: =Provider_Details!L17 -> Anonymous 10/min, free token 40/min + 1M tokens/24h. | G6: GPT-OSS, Llama 3.1, GLM, DeepSeek quantized
A7: OVH AI Endpoints | B7: 2 | E7: No | F7: =Provider_Details!L18 -> 2 req/min anonymous per IP per model. 400 req/min authenticated. | G7: Qwen3.5 397B, GPT-OSS, Llama 3.3, CodeLlama, Mistral
A8: Kilo Gateway | B8: 4 | C8: 200 | E8: No | F8: =Provider_Details!L19 -> 200 req/hr per IP anonymous. :free routes quality varies. | G8: :free routes (provider-pooled)
A9: OpenCode Zen | B9: 5 | C9: 200 | E9: No | F9: =Provider_Details!L20 -> Promo anonymous access to DeepSeek V4 Flash + Nemotron. | G9: DeepSeek V4 Flash, Nemotron (promo)
A10: Ollama Cloud | E10: Account (no card) | F10: =Provider_Details!L15 -> Session limits reset every 5h, weekly every 7d. 1 concurrent. | G10: GLM-4.7, Kimi K2, gpt-oss, Qwen3, DeepSeek
A11: AI Horde | B11: 1 | E11: No (anon key 0000000000) | F11: =Provider_Details!L21 -> Crowd-sourced volunteer GPUs. Anonymous key `0000000000`, lowest priority. | G11: Community Llama, Gemma, Cydonia (low priority)

Sheet Best_Picks
A1: Best Picks — "use this when..."
A3: If you need... | B3: Pick | C3: Why
A4: Highest rate limits | B4: Groq, Cerebras | C4: 30 RPM + 14.4K RPD on flagship models. Both are production-grade.
A5: Largest model selection | B5: Cloudflare, OpenRouter | C5: Cloudflare has 49+ free models; OpenRouter has 25+ free routes.
A6: Strongest proprietary models | B6: GitHub Models, Google | C6: GPT-4o, Claude 3.5, Gemini 2.5 Pro for free via GitHub/AI Studio.
A7: Fastest inference | B7: Groq, Cerebras | C7: Both optimized for speed — ~300+ TPS on 70B-class models.
A8: Largest token budget | B8: Mistral (Experiment) | C8: ~1B tokens / month on Mistral's free experiment tier.
A9: Longest context | B9: Google, Cerebras | C9: Both reach 1M tokens context on free tier.
A10: European provider | B10: Mistral, LLM7 | C10: Mistral (EU), LLM7 (UK) — both GDPR-friendly.
A11: No signup required | B11: Pollinations, LLM7, OVH, Kilo, OpenCode Zen | C11: Truly keyless — pass prompt, get answer.
A12: Best for coding | B12: Cerebras, Groq, Mistral | C12: Qwen3 Coder 480B on Cerebras, Qwen3 32B on Groq, Codestral on Mistral.
A13: Best for RAG / long docs | B13: Google, Cerebras, NVIDIA | C13: 1M context on Gemini / Cerebras, 128K on NVIDIA NIM catalog.
A14: Best anonymous (text) | B14: Pollinations | C14: 1/15s anon, no signup, fully open access.
... A18: Best truly-open weights | B18: OLMo 2, StarCoder 2 | C18: Full open source (weights + code + data), not just open weights.
